{"cameraMode":{"drawMode":0,"name":"Shaded","section":"Shading Mode"},"sceneLighting":true,"audioPlay":false,"sceneViewState":{"m_AlwaysRefresh":false,"showFog":true,"showSkybox":true,"showFlares":true,"showImageEffects":true,"showParticleSystems":true,"showVisualEffectGraphs":true,"m_FxEnabled":true},"in2DMode":false,"pivot":{"x":21.35192108154297,"y":2.1390230655670168,"z":1.3678163290023804},"rotation":{"x":0.0923350602388382,"y":-0.20987260341644288,"z":0.01991528645157814,"w":0.9731606245040894},"size":0.34878218173980715,"orthographic":false}